enabled,chain,name,code,note
1,cinema_sunshine,グランドシネマサンシャイン池袋,gdcs,
1,cinema_sunshine,シネマサンシャイン平和島,heiwajima,
1,cinema_sunshine,シネマサンシャインユーカリが丘,yukarigaoka,
1,cinema_sunshine,シネマサンシャイン三郷,misato,
1,cinema_sunshine,シネマサンシャイン土浦,tsuchiura,
1,cinema_sunshine,シネマサンシャイン沼津,numazu,
1,cinema_sunshine,シネマサンシャインららぽーと沼津,lalaportnumazu,
1,cinema_sunshine,シネマサンシャインかほく,kahoku,
1,cinema_sunshine,シネマサンシャイン大和郡山,yamatokoriyama,
1,cinema_sunshine,シネマサンシャイン下関,shimonoseki,
1,cinema_sunshine,シネマサンシャイン衣山,kinuyama,
1,cinema_sunshine,シネマサンシャイン重信,shigenobu,
1,cinema_sunshine,シネマサンシャインエミフルMASAKI,masaki,
1,cinema_sunshine,シネマサンシャイン北島,kitajima,
1,cinema_sunshine,シネマサンシャイン飯塚,iizuka,
1,cinema_sunshine,シネマサンシャイン姶良,aira,
1,cinema_sunshine,サツゲキ,sapporo,札幌
1,cinema_sunshine,ディノスシネマズ苫小牧,tomakomai,
1,cinema_sunshine,ディノスシネマズ室蘭,muroran,
1,toho,TOHOシネマズ新宿,076,
1,toho,TOHOシネマズ日比谷,081,日比谷+シャンテ
1,toho,TOHOシネマズ六本木ヒルズ,009,
1,toho,TOHOシネマズ渋谷,043,
1,toho,TOHOシネマズ池袋,084,
1,toho,TOHOシネマズ上野,080,
1,toho,TOHOシネマズ錦糸町,029,楽天地・オリナス
1,toho,TOHOシネマズ西新井,040,
1,toho,TOHOシネマズ日本橋,073,
1,toho,TOHOシネマズ府中,012,
1,toho,TOHOシネマズ立川立飛,085,
1,toho,TOHOシネマズ南大沢,006,
1,toho,TOHOシネマズ海老名,007,
1,toho,TOHOシネマズ小田原,008,
1,toho,TOHOシネマズららぽーと横浜,036,
1,toho,TOHOシネマズ上大岡,066,
1,toho,TOHOシネマズ川崎,010,
1,toho,TOHOシネマズ市川コルトンプラザ,003,
1,toho,TOHOシネマズららぽーと船橋,018,
1,toho,TOHOシネマズ八千代緑が丘,028,
1,toho,TOHOシネマズ流山おおたかの森,035,
1,toho,TOHOシネマズ柏,077,
1,toho,TOHOシネマズ市原,071,
1,toho,TOHOシネマズららぽーと富士見,075,
1,toho,TOHOシネマズ宇都宮,015,
1,toho,TOHOシネマズひたちなか,024,
1,toho,TOHOシネマズ水戸内原,025,
1,toho,TOHOシネマズ仙台,078,
1,toho,TOHOシネマズ秋田,050,
1,toho,TOHOシネマズおいらせ下田,049,
1,toho,TOHOシネマズすすきの,089,
1,toho,TOHOシネマズ梅田,037,
1,toho,TOHOシネマズなんば,032,本館・別館
1,toho,TOHOシネマズ鳳,045,
1,toho,TOHOシネマズ泉北,005,
1,toho,TOHOシネマズくずはモール,072,
1,toho,TOHOシネマズセブンパーク天美,086,
1,toho,TOHOシネマズららぽーと門真,088,
1,toho,TOHOシネマズ西宮OS,064,
1,toho,TOHOシネマズ伊丹,038,
1,toho,TOHOシネマズ二条,023,
1,toho,TOHOシネマズ橿原,013,
1,toho,TOHOシネマズ赤池,079,
1,toho,TOHOシネマズ津島,026,
1,toho,TOHOシネマズ東浦,021,
1,toho,TOHOシネマズ木曽川,016,
1,toho,TOHOシネマズ浜松,004,
1,toho,TOHOシネマズサンストリート浜北,039,
1,toho,TOHOシネマズららぽーと磐田,065,
1,toho,TOHOシネマズ甲府,067,
1,toho,TOHOシネマズ上田,068,
1,toho,TOHOシネマズファボーレ富山,053,
1,toho,TOHOシネマズ高岡,054,
1,toho,TOHOシネマズ天神,056,ソラリア館
1,toho,TOHOシネマズ福津,069,
1,toho,TOHOシネマズ直方,022,
1,toho,TOHOシネマズららぽーと福岡,087,
1,toho,TOHOシネマズ長崎,046,
1,toho,TOHOシネマズアミュプラザおおいた,074,
1,toho,TOHOシネマズ大分わさだ,055,
1,toho,TOHOシネマズ光の森,014,
1,toho,TOHOシネマズ熊本サクラマチ,083,
1,toho,TOHOシネマズはません,027,
1,toho,TOHOシネマズ宇城,057,
1,toho,TOHOシネマズ与次郎,033,
1,toho,TOHOシネマズ緑井,019,
1,toho,TOHOシネマズ岡南,031,
1,toho,TOHOシネマズ高知,017,
1,toho,TOHOシネマズ新居浜,048,
1,toho,TOHOシネマズ岐阜,020,
1,toho,TOHOシネマズモレラ岐阜,030,
